{
	"credit": "Made with Blockbench",
	"texture_size": [32, 32],
	"textures": {
		"0": "block/green_leaves_overlay",
		"3": "block/jungle_leaves_block_bottom",
		"4": "block/green_leaves_block_top",
		"5": "block/acacia_sapling",
		"particle": "block/acacia_sapling"
	},
	"elements": [
		{
			"name": "top overlay",
			"from": [0, 17.4, 0],
			"to": [16, 17.4, 16],
			"rotation": {"angle": 0, "axis": "y", "origin": [12, 24, 13]},
			"faces": {
				"up": {"uv": [0, 0, 16, 16], "texture": "#0", "cullface": "up"},
				"down": {"uv": [0, 0, 16, 16], "texture": "#0", "cullface": "up"}
			}
		},
		{
			"name": "top overlay",
			"from": [0, 17.2, 0],
			"to": [16, 17.2, 16],
			"rotation": {"angle": 0, "axis": "y", "origin": [12, 24, 13]},
			"faces": {
				"up": {"uv": [0, 0, 16, 16], "texture": "#0", "cullface": "up"}
			}
		},
		{
			"name": "top overlay",
			"from": [0, 17, 0],
			"to": [16, 17, 16],
			"rotation": {"angle": 0, "axis": "y", "origin": [12, 24, 13]},
			"faces": {
				"north": {"uv": [0, 0, 0, 0], "texture": "#0"},
				"east": {"uv": [0, 0, 0, 0], "texture": "#0"},
				"south": {"uv": [0, 0, 0, 0], "texture": "#0"},
				"west": {"uv": [0, 0, 0, 0], "texture": "#0"},
				"up": {"uv": [0, 0, 16, 16], "texture": "#0", "cullface": "up"},
				"down": {"uv": [0, 0, 16, 16], "texture": "#0"}
			}
		},
		{
			"name": "top overlay",
			"from": [0, 16.8, 0],
			"to": [16, 16.8, 16],
			"rotation": {"angle": 0, "axis": "y", "origin": [12, 24, 13]},
			"faces": {
				"up": {"uv": [0, 0, 16, 16], "texture": "#0", "cullface": "up"}
			}
		},
		{
			"name": "top overlay",
			"from": [0, 16.6, 0],
			"to": [16, 16.6, 16],
			"rotation": {"angle": 0, "axis": "y", "origin": [12, 23, 13]},
			"faces": {
				"north": {"uv": [0, 0, 0, 0], "texture": "#0"},
				"east": {"uv": [0, 0, 0, 0], "texture": "#0"},
				"south": {"uv": [0, 0, 0, 0], "texture": "#0"},
				"west": {"uv": [0, 0, 0, 0], "texture": "#0"},
				"up": {"uv": [0, 0, 16, 16], "texture": "#0", "cullface": "up"},
				"down": {"uv": [0, 0, 16, 16], "texture": "#0"}
			}
		},
		{
			"name": "top overlay",
			"from": [0, 16.4, 0],
			"to": [16, 16.4, 16],
			"rotation": {"angle": 0, "axis": "y", "origin": [12, 23, 13]},
			"faces": {
				"up": {"uv": [0, 0, 16, 16], "texture": "#0", "cullface": "up"}
			}
		},
		{
			"name": "top overlay",
			"from": [0, 16.2, 0],
			"to": [16, 16.2, 16],
			"rotation": {"angle": 0, "axis": "y", "origin": [12, 23, 13]},
			"faces": {
				"up": {"uv": [0, 0, 16, 16], "texture": "#0", "cullface": "up"}
			}
		},
		{
			"from": [8, 0, 0],
			"to": [16, 3.2, 16],
			"faces": {
				"north": {"uv": [8, 12.775, 16, 16], "texture": "#5", "cullface": "north"},
				"east": {"uv": [8, 12.775, 16, 16], "texture": "#5", "cullface": "east"},
				"south": {"uv": [8, 12.8125, 16, 16], "texture": "#5", "cullface": "south"},
				"down": {"uv": [8, 0, 16, 16], "texture": "#3", "cullface": "down"}
			}
		},
		{
			"from": [0, 0, 0],
			"to": [8, 3.2, 16],
			"faces": {
				"north": {"uv": [0, 12.9, 8.03125, 16], "texture": "#5", "cullface": "north"},
				"south": {"uv": [0, 12.8125, 8, 16], "texture": "#5", "cullface": "south"},
				"west": {"uv": [0, 12.775, 8, 16], "texture": "#5", "cullface": "west"},
				"down": {"uv": [0, 0, 8, 16], "texture": "#3", "cullface": "down"}
			}
		},
		{
			"from": [0, 3.2, 0],
			"to": [16, 16, 16],
			"faces": {
				"north": {"uv": [0, 0, 16, 12.81563], "texture": "#5", "cullface": "north"},
				"east": {"uv": [0, 0, 16, 12.81563], "texture": "#5", "cullface": "east"},
				"south": {"uv": [0, 0, 16, 12.83125], "texture": "#5", "cullface": "south"},
				"west": {"uv": [0, 0, 16, 12.81563], "texture": "#5", "cullface": "west"},
				"up": {"uv": [0, 0, 16, 16], "texture": "#4", "cullface": "up"},
				"down": {"uv": [0, 0, 8, 8], "texture": "#missing"}
			}
		}
	],
	"display": {
		"thirdperson_righthand": {
			"scale": [0.5, 0.5, 0.5]
		},
		"thirdperson_lefthand": {
			"scale": [0.5, 0.5, 0.5]
		},
		"firstperson_righthand": {
			"rotation": [5, 45, 0],
			"scale": [0.5, 0.5, 0.5]
		},
		"firstperson_lefthand": {
			"rotation": [5, 45, 0],
			"scale": [0.5, 0.5, 0.5]
		},
		"ground": {
			"translation": [0, 4, 0],
			"scale": [0.4, 0.4, 0.4]
		},
		"gui": {
			"rotation": [20, 45, 0],
			"scale": [0.54, 0.54, 0.54]
		}
	},
	"groups": [
		0,
		1,
		2,
		3,
		4,
		5,
		6,
		{
			"name": "template_wool",
			"origin": [8, 8, 8],
			"color": 0,
			"children": [
				{
					"name": "template_leaves",
					"origin": [8, 8, 8],
					"color": 0,
					"children": []
				},
				7,
				8,
				9
			]
		}
	]
}