{
	"credit": "Made with Blockbench",
	"textures": {
		"1": "block/bamboo_tex",
		"particle": "block/green_leaves_overlay"
	},
	"elements": [
		{
			"from": [4, 0, 4],
			"to": [12, 16, 12],
			"faces": {
				"north": {"uv": [8.04688, 0.04688, 16.04688, 16.04688], "texture": "#1", "cullface": "north"},
				"east": {"uv": [8.04688, 0.04688, 16.04688, 16.04688], "texture": "#1"},
				"south": {"uv": [8.04688, 0.04688, 16.04688, 16.04688], "texture": "#1"},
				"west": {"uv": [8.04688, 0.04688, 16.04688, 16.04688], "texture": "#1", "cullface": "west"},
				"up": {"uv": [0, 0, 4, 8], "texture": "#1", "cullface": "up"},
				"down": {"uv": [4, 0, 8, 8], "texture": "#1", "cullface": "down"}
			}
		}
	],
	"display": {
		"thirdperson_righthand": {
			"scale": [0.5, 0.5, 0.5]
		},
		"thirdperson_lefthand": {
			"scale": [0.5, 0.5, 0.5]
		},
		"firstperson_righthand": {
			"rotation": [5, 45, 0],
			"scale": [0.5, 0.5, 0.5]
		},
		"firstperson_lefthand": {
			"rotation": [5, 45, 0],
			"scale": [0.5, 0.5, 0.5]
		},
		"ground": {
			"translation": [0, 4, 0],
			"scale": [0.4, 0.4, 0.4]
		},
		"gui": {
			"rotation": [20, 45, 0],
			"scale": [0.54, 0.54, 0.54]
		}
	},
	"groups": [
		{
			"name": "bamboo1_age0",
			"origin": [8, 8, 8],
			"children": [0]
		}
	]
}