{
	"credit": "Made with Blockbench",
	"textures": {
		"3": "block/fern",
		"5": "block/grass",
		"particle": "block/fern",
		"3_2": "block/grass_overlay"
	},
	"elements": [
		{
			"from": [8, 0, 2.4],
			"to": [8, 12.6, 8],
			"rotation": {"angle": 22.5, "axis": "y", "origin": [8, 0, 8]},
			"faces": {
				"east": {"uv": [7.10938, 4.8125, 3.25, 16], "texture": "#5"},
				"west": {"uv": [3.21875, 4.78125, 7.23438, 16], "texture": "#5"}
			}
		},
		{
			"from": [2.4, 0, 8],
			"to": [8, 12.6, 8],
			"rotation": {"angle": 45, "axis": "y", "origin": [8, 0, 8]},
			"faces": {
				"north": {"uv": [7.10938, 4.8125, 3.25, 16], "texture": "#5"},
				"south": {"uv": [3.21875, 4.78125, 7.23438, 16], "texture": "#5"}
			}
		},
		{
			"from": [8, 0, 8],
			"to": [13.6, 12.6, 8],
			"rotation": {"angle": 0, "axis": "y", "origin": [8, 0, 8]},
			"faces": {
				"north": {"uv": [3.21875, 4.78125, 7.23438, 16], "texture": "#5"},
				"south": {"uv": [7.10938, 4.8125, 3.25, 16], "texture": "#5"}
			}
		},
		{
			"from": [12.55, 11.2, 3.45],
			"to": [23.75, 11.2, 13.25],
			"rotation": {"angle": 0, "axis": "y", "origin": [12.55, 11.2, 9.4]},
			"faces": {
				"up": {"uv": [4.95313, 14.92188, 10.14063, 9.90625], "rotation": 90, "texture": "#3"},
				"down": {"uv": [4.75, 9.9375, 9.9375, 14.95313], "rotation": 270, "texture": "#3"}
			}
		},
		{
			"from": [-7.05, 11.2, 6.6],
			"to": [4.15, 11.2, 16.4],
			"rotation": {"angle": 45, "axis": "y", "origin": [4.15, 11.2, 10.45]},
			"faces": {
				"up": {"uv": [4.95313, 14.92188, 10.14063, 9.90625], "rotation": 270, "texture": "#3"},
				"down": {"uv": [4.75, 9.9375, 9.9375, 14.95313], "rotation": 90, "texture": "#3"}
			}
		},
		{
			"from": [1.7, 11.2, -8.1],
			"to": [11.5, 11.2, 3.1],
			"rotation": {"angle": 22.5, "axis": "y", "origin": [7.65, 11.2, 3.1]},
			"faces": {
				"up": {"uv": [4.95313, 14.92188, 10.14063, 9.90625], "texture": "#3"},
				"down": {"uv": [4.75, 9.9375, 9.9375, 14.95313], "texture": "#3"}
			}
		},
		{
			"from": [8, 7, 8],
			"to": [13.6, 19.6, 8],
			"rotation": {"angle": 45, "axis": "y", "origin": [8, 7, 8]},
			"faces": {
				"north": {"uv": [3.21875, 4.78125, 7.23438, 16], "texture": "#5"},
				"south": {"uv": [7.10938, 4.8125, 3.25, 16], "texture": "#5"}
			}
		},
		{
			"from": [8, 7, 8],
			"to": [8, 19.6, 13.6],
			"rotation": {"angle": 22.5, "axis": "y", "origin": [8, 7, 8]},
			"faces": {
				"east": {"uv": [3.21875, 4.78125, 7.23438, 16], "texture": "#5"},
				"west": {"uv": [7.10938, 4.8125, 3.25, 16], "texture": "#5"}
			}
		},
		{
			"from": [2.4, 7, 8],
			"to": [8, 19.6, 8],
			"rotation": {"angle": 0, "axis": "y", "origin": [8, 7, 8]},
			"faces": {
				"north": {"uv": [7.10938, 4.8125, 3.25, 16], "texture": "#5"},
				"south": {"uv": [3.21875, 4.78125, 7.23438, 16], "texture": "#5"}
			}
		},
		{
			"from": [4.5, 18.2, 12.9],
			"to": [14.3, 18.2, 24.1],
			"rotation": {"angle": 22.5, "axis": "y", "origin": [8.35, 18.2, 12.9]},
			"faces": {
				"up": {"uv": [4.95313, 14.92188, 10.14063, 9.90625], "rotation": 180, "texture": "#3"},
				"down": {"uv": [4.75, 9.9375, 9.9375, 14.95313], "rotation": 180, "texture": "#3"}
			}
		},
		{
			"from": [11.85, 18.2, -0.4],
			"to": [23.05, 18.2, 9.4],
			"rotation": {"angle": 45, "axis": "y", "origin": [11.85, 18.2, 5.55]},
			"faces": {
				"up": {"uv": [4.95313, 14.92188, 10.14063, 9.90625], "rotation": 90, "texture": "#3"},
				"down": {"uv": [4.75, 9.9375, 9.9375, 14.95313], "rotation": 270, "texture": "#3"}
			}
		},
		{
			"from": [-7.75, 18.2, 2.75],
			"to": [3.45, 18.2, 12.55],
			"rotation": {"angle": 0, "axis": "y", "origin": [3.45, 18.2, 6.6]},
			"faces": {
				"up": {"uv": [4.95313, 14.92188, 10.14063, 9.90625], "rotation": 270, "texture": "#3"},
				"down": {"uv": [4.75, 9.9375, 9.9375, 14.95313], "rotation": 90, "texture": "#3"}
			}
		},
		{
			"from": [3.8, 3.15, 3.8],
			"to": [12.2, 3.15, 12.2],
			"rotation": {"angle": 0, "axis": "y", "origin": [15, 12.95, 12.2]},
			"faces": {
				"up": {"uv": [0, 0, 8, 8], "texture": "#3_2"},
				"down": {"uv": [0, 0, 8, 8], "texture": "#3_2"}
			}
		},
		{
			"from": [3.8, 0.35, 3.8],
			"to": [12.2, 0.35, 12.2],
			"rotation": {"angle": 0, "axis": "y", "origin": [15, 10.15, 12.2]},
			"faces": {
				"up": {"uv": [0, 0, 8, 8], "texture": "#3_2"},
				"down": {"uv": [0, 0, 8, 8], "texture": "#3_2"}
			}
		},
		{
			"from": [3.8, 1.75, 3.8],
			"to": [12.2, 1.75, 12.2],
			"rotation": {"angle": 0, "axis": "y", "origin": [15, 11.55, 12.2]},
			"faces": {
				"up": {"uv": [0, 0, 8, 8], "texture": "#3_2"},
				"down": {"uv": [0, 0, 8, 8], "texture": "#3_2"}
			}
		},
		{
			"from": [3.8, 4.9, 3.8],
			"to": [12.2, 4.9, 12.2],
			"rotation": {"angle": 0, "axis": "y", "origin": [15, 14.7, 12.2]},
			"faces": {
				"up": {"uv": [0, 0, 8, 8], "texture": "#3_2"},
				"down": {"uv": [0, 0, 8, 8], "texture": "#3_2"}
			}
		},
		{
			"from": [3.8, 6.23, 3.8],
			"to": [12.2, 6.23, 12.2],
			"rotation": {"angle": 0, "axis": "y", "origin": [15, 14.7, 12.2]},
			"faces": {
				"up": {"uv": [0, 0, 8, 8], "texture": "#3_2"},
				"down": {"uv": [0, 0, 8, 8], "texture": "#3_2"}
			}
		},
		{
			"from": [5.795, 13.23, 5.865],
			"to": [9.995, 13.23, 10.065],
			"rotation": {"angle": 0, "axis": "y", "origin": [1, 23.45, 3.8]},
			"faces": {
				"up": {"uv": [0, 0, 8, 8], "rotation": 180, "texture": "#3_2"},
				"down": {"uv": [0, 0, 8, 8], "rotation": 180, "texture": "#3_2"}
			}
		},
		{
			"from": [5.795, 12.88, 5.865],
			"to": [9.995, 12.88, 10.065],
			"rotation": {"angle": 0, "axis": "y", "origin": [1, 23.1, 3.8]},
			"faces": {
				"up": {"uv": [0, 0, 8, 8], "rotation": 180, "texture": "#3_2"},
				"down": {"uv": [0, 0, 8, 8], "rotation": 180, "texture": "#3_2"}
			}
		},
		{
			"from": [5.795, 12.53, 5.865],
			"to": [9.995, 12.53, 10.065],
			"rotation": {"angle": 0, "axis": "y", "origin": [1, 22.75, 3.8]},
			"faces": {
				"up": {"uv": [0, 0, 8, 8], "rotation": 180, "texture": "#3_2"},
				"down": {"uv": [0, 0, 8, 8], "rotation": 180, "texture": "#3_2"}
			}
		},
		{
			"from": [3.8, 10.5, 3.8],
			"to": [12.2, 10.5, 12.2],
			"rotation": {"angle": 0, "axis": "y", "origin": [1, 20.65, 3.8]},
			"faces": {
				"up": {"uv": [0, 0, 8, 8], "rotation": 180, "texture": "#3_2"},
				"down": {"uv": [0, 0, 8, 8], "rotation": 180, "texture": "#3_2"}
			}
		},
		{
			"from": [3.8, 9.1, 3.8],
			"to": [12.2, 9.1, 12.2],
			"rotation": {"angle": 0, "axis": "y", "origin": [1, 19.25, 3.8]},
			"faces": {
				"up": {"uv": [0, 0, 8, 8], "rotation": 180, "texture": "#3_2"},
				"down": {"uv": [0, 0, 8, 8], "rotation": 180, "texture": "#3_2"}
			}
		},
		{
			"from": [3.8, 7.7, 3.8],
			"to": [12.2, 7.7, 12.2],
			"rotation": {"angle": 0, "axis": "y", "origin": [1, 17.85, 3.8]},
			"faces": {
				"up": {"uv": [0, 0, 8, 8], "rotation": 180, "texture": "#3_2"},
				"down": {"uv": [0, 0, 8, 8], "rotation": 180, "texture": "#3_2"}
			}
		},
		{
			"from": [3.8, 11.9, 3.8],
			"to": [12.2, 11.9, 12.2],
			"rotation": {"angle": 0, "axis": "y", "origin": [1, 21.7, 3.8]},
			"faces": {
				"up": {"uv": [0, 0, 8, 8], "rotation": 180, "texture": "#3_2"},
				"down": {"uv": [0, 0, 8, 8], "rotation": 180, "texture": "#3_2"}
			}
		}
	],
	"groups": [
		{
			"name": "group",
			"origin": [4, 0, 4],
			"color": 0,
			"children": [0, 1, 2]
		},
		{
			"name": "group",
			"origin": [3.75, 8, 0.5],
			"color": 0,
			"children": [3, 4, 5]
		},
		{
			"name": "group",
			"origin": [4, 5, 4],
			"color": 0,
			"children": [6, 7, 8]
		},
		{
			"name": "group",
			"origin": [0.75, 13, 3],
			"color": 0,
			"children": [9, 10, 11]
		},
		{
			"name": "large_fern",
			"origin": [8, 8, 8],
			"color": 0,
			"children": [12, 13, 14, 15, 16, 17, 18, 19, 20, 21, 22, 23]
		}
	]
}