{
	"credit": "Made with Blockbench",
	"ambientocclusion": false,
	"textures": {
		"0": "block/grass_overlay",
		"2": "block/grass_block_top"
	},
	"elements": [
		{
			"from": [4, -3.175, 4],
			"to": [12, 0, 12],
			"rotation": {"angle": 0, "axis": "x", "origin": [4, -1, 5]},
			"faces": {
				"north": {"uv": [4, 0, 8, 8], "rotation": 180, "texture": "#2"},
				"east": {"uv": [4, 0, 8, 8], "rotation": 180, "texture": "#2"},
				"south": {"uv": [4, 0, 8, 8], "rotation": 180, "texture": "#2"},
				"west": {"uv": [4, 0, 8, 8], "rotation": 180, "texture": "#2"}
			}
		},
		{
			"from": [4, 0, 4],
			"to": [12, 3.175, 12],
			"rotation": {"angle": 0, "axis": "x", "origin": [4, -1, 5]},
			"faces": {
				"north": {"uv": [4, 0, 8, 8], "rotation": 180, "texture": "#2"},
				"east": {"uv": [4, 0, 8, 8], "rotation": 180, "texture": "#2"},
				"south": {"uv": [4, 0, 8, 8], "rotation": 180, "texture": "#2"},
				"west": {"uv": [4, 0, 8, 8], "rotation": 180, "texture": "#2"}
			}
		},
		{
			"from": [4, 3.2, 4],
			"to": [12, 6.375, 12],
			"rotation": {"angle": 0, "axis": "x", "origin": [4, -1, 5]},
			"faces": {
				"north": {"uv": [4, 0, 8, 8], "rotation": 180, "texture": "#2"},
				"east": {"uv": [4, 0, 8, 8], "rotation": 180, "texture": "#2"},
				"south": {"uv": [4, 0, 8, 8], "rotation": 180, "texture": "#2"},
				"west": {"uv": [4, 0, 8, 8], "rotation": 180, "texture": "#2"},
				"up": {"uv": [0, 0, 16, 16], "texture": "#2"}
			}
		},
		{
			"from": [4, 6.4, 4],
			"to": [12, 9.575, 12],
			"rotation": {"angle": 0, "axis": "x", "origin": [4, -1, 5]},
			"faces": {
				"north": {"uv": [4, 0, 8, 8], "rotation": 180, "texture": "#2"},
				"east": {"uv": [4, 0, 8, 8], "rotation": 180, "texture": "#2"},
				"south": {"uv": [4, 0, 8, 8], "rotation": 180, "texture": "#2"},
				"west": {"uv": [4, 0, 8, 8], "rotation": 180, "texture": "#2"},
				"up": {"uv": [0, 0, 16, 16], "texture": "#2"}
			}
		},
		{
			"from": [4, 9.6, 4],
			"to": [12, 12.775, 12],
			"rotation": {"angle": 0, "axis": "x", "origin": [4, -1, 5]},
			"faces": {
				"north": {"uv": [4, 0, 8, 8], "rotation": 180, "texture": "#2"},
				"east": {"uv": [4, 0, 8, 8], "rotation": 180, "texture": "#2"},
				"south": {"uv": [4, 0, 8, 8], "rotation": 180, "texture": "#2"},
				"west": {"uv": [4, 0, 8, 8], "rotation": 180, "texture": "#2"},
				"up": {"uv": [0, 0, 16, 16], "texture": "#2"}
			}
		},
		{
			"from": [4, 12.775, 4],
			"to": [12, 15.95, 12],
			"rotation": {"angle": 0, "axis": "x", "origin": [4, -1, 5]},
			"faces": {
				"north": {"uv": [4, 0, 8, 8], "rotation": 180, "texture": "#2"},
				"east": {"uv": [4, 0, 8, 8], "rotation": 180, "texture": "#2"},
				"south": {"uv": [4, 0, 8, 8], "rotation": 180, "texture": "#2"},
				"west": {"uv": [4, 0, 8, 8], "rotation": 180, "texture": "#2"},
				"up": {"uv": [0, 0, 16, 16], "texture": "#2"}
			}
		},
		{
			"name": "top overlay",
			"from": [4, 20.525, 4],
			"to": [12, 20.525, 12],
			"rotation": {"angle": 0, "axis": "x", "origin": [4, -1, 5]},
			"faces": {
				"north": {"uv": [0, 0, 0, 0], "rotation": 180, "texture": "#0"},
				"east": {"uv": [0, 0, 0, 0], "rotation": 270, "texture": "#0"},
				"south": {"uv": [0, 0, 0, 0], "texture": "#0"},
				"west": {"uv": [0, 0, 0, 0], "rotation": 90, "texture": "#0"},
				"up": {"uv": [0, 8, 8, 16], "rotation": 180, "texture": "#0"},
				"down": {"uv": [0, 8, 8, 16], "texture": "#0"}
			}
		},
		{
			"name": "top overlay",
			"from": [4, 20.325, 4],
			"to": [12, 20.325, 12],
			"rotation": {"angle": 0, "axis": "x", "origin": [4, -1, 5]},
			"faces": {
				"north": {"uv": [0, 0, 0, 0], "rotation": 180, "texture": "#0"},
				"east": {"uv": [0, 0, 0, 0], "rotation": 270, "texture": "#0"},
				"south": {"uv": [0, 0, 0, 0], "texture": "#0"},
				"west": {"uv": [0, 0, 0, 0], "rotation": 90, "texture": "#0"},
				"up": {"uv": [0, 8, 8, 16], "rotation": 180, "texture": "#0"}
			}
		},
		{
			"name": "top overlay",
			"from": [4, 20.125, 4],
			"to": [12, 20.125, 12],
			"rotation": {"angle": 0, "axis": "x", "origin": [4, -1, 5]},
			"faces": {
				"north": {"uv": [0, 0, 0, 0], "rotation": 180, "texture": "#0"},
				"east": {"uv": [0, 0, 0, 0], "rotation": 270, "texture": "#0"},
				"south": {"uv": [0, 0, 0, 0], "texture": "#0"},
				"west": {"uv": [0, 0, 0, 0], "rotation": 90, "texture": "#0"},
				"up": {"uv": [0, 8, 8, 16], "rotation": 180, "texture": "#0"},
				"down": {"uv": [0, 8, 8, 16], "texture": "#0"}
			}
		},
		{
			"name": "top overlay",
			"from": [4, 19.925, 4],
			"to": [12, 19.925, 12],
			"rotation": {"angle": 0, "axis": "x", "origin": [4, -1, 5]},
			"faces": {
				"north": {"uv": [0, 0, 0, 0], "rotation": 180, "texture": "#0"},
				"east": {"uv": [0, 0, 0, 0], "rotation": 270, "texture": "#0"},
				"south": {"uv": [0, 0, 0, 0], "texture": "#0"},
				"west": {"uv": [0, 0, 0, 0], "rotation": 90, "texture": "#0"},
				"up": {"uv": [0, 8, 8, 16], "rotation": 180, "texture": "#0"}
			}
		},
		{
			"name": "top overlay",
			"from": [4, 19.725, 4],
			"to": [12, 19.725, 12],
			"rotation": {"angle": 0, "axis": "x", "origin": [4, -1, 5]},
			"faces": {
				"north": {"uv": [0, 0, 0, 0], "rotation": 180, "texture": "#0"},
				"east": {"uv": [0, 0, 0, 0], "rotation": 270, "texture": "#0"},
				"south": {"uv": [0, 0, 0, 0], "texture": "#0"},
				"west": {"uv": [0, 0, 0, 0], "rotation": 90, "texture": "#0"},
				"up": {"uv": [0, 8, 8, 16], "rotation": 180, "texture": "#0"},
				"down": {"uv": [0, 8, 8, 16], "texture": "#0"}
			}
		},
		{
			"name": "top overlay",
			"from": [4, 19.525, 4],
			"to": [12, 19.525, 12],
			"rotation": {"angle": 0, "axis": "x", "origin": [4, -1, 5]},
			"faces": {
				"north": {"uv": [0, 0, 0, 0], "rotation": 180, "texture": "#0"},
				"east": {"uv": [0, 0, 0, 0], "rotation": 270, "texture": "#0"},
				"south": {"uv": [0, 0, 0, 0], "texture": "#0"},
				"west": {"uv": [0, 0, 0, 0], "rotation": 90, "texture": "#0"},
				"up": {"uv": [0, 8, 8, 16], "rotation": 180, "texture": "#0"}
			}
		},
		{
			"name": "top overlay",
			"from": [4, 19.325, 4],
			"to": [12, 19.325, 12],
			"rotation": {"angle": 0, "axis": "x", "origin": [4, -1, 5]},
			"faces": {
				"north": {"uv": [0, 0, 0, 0], "rotation": 180, "texture": "#0"},
				"east": {"uv": [0, 0, 0, 0], "rotation": 270, "texture": "#0"},
				"south": {"uv": [0, 0, 0, 0], "texture": "#0"},
				"west": {"uv": [0, 0, 0, 0], "rotation": 90, "texture": "#0"},
				"up": {"uv": [0, 8, 8, 16], "rotation": 180, "texture": "#0"}
			}
		},
		{
			"from": [4, 15.95, 4],
			"to": [12, 19.125, 12],
			"rotation": {"angle": 0, "axis": "x", "origin": [4, -1, 5]},
			"faces": {
				"north": {"uv": [4, 0, 8, 8], "rotation": 180, "texture": "#2"},
				"east": {"uv": [4, 0, 8, 8], "rotation": 180, "texture": "#2"},
				"south": {"uv": [4, 0, 8, 8], "rotation": 180, "texture": "#2"},
				"west": {"uv": [4, 0, 8, 8], "rotation": 180, "texture": "#2"},
				"up": {"uv": [0, 0, 16, 16], "texture": "#2"}
			}
		}
	],
	"display": {
		"thirdperson_righthand": {
			"scale": [0.5, 0.5, 0.5]
		},
		"thirdperson_lefthand": {
			"scale": [0.5, 0.5, 0.5]
		},
		"firstperson_righthand": {
			"rotation": [5, 45, 0],
			"scale": [0.5, 0.5, 0.5]
		},
		"firstperson_lefthand": {
			"rotation": [5, 45, 0],
			"scale": [0.5, 0.5, 0.5]
		},
		"ground": {
			"translation": [0, 4, 0],
			"scale": [0.4, 0.4, 0.4]
		},
		"gui": {
			"rotation": [20, 45, 0],
			"scale": [0.54, 0.54, 0.54]
		}
	},
	"groups": [
		{
			"name": "vine_1u",
			"origin": [8, 8, 8],
			"color": 0,
			"children": [
				{
					"name": "vine_1",
					"origin": [8, 8, 8],
					"color": 0,
					"children": [0]
				},
				{
					"name": "vine_1",
					"origin": [8, 8, 8],
					"color": 0,
					"children": [1]
				},
				{
					"name": "vine_1",
					"origin": [8, 8, 8],
					"color": 0,
					"children": [2]
				},
				{
					"name": "vine_1",
					"origin": [8, 8, 8],
					"color": 0,
					"children": [3]
				},
				4,
				5,
				{
					"name": "vine_1",
					"origin": [8, 8, 8],
					"color": 0,
					"children": [
						{
							"name": "group",
							"origin": [13, -12, -23],
							"color": 0,
							"children": [6, 7, 8, 9, 10, 11, 12]
						},
						13
					]
				}
			]
		}
	]
}