{
	"credit": "Made with Blockbench",
	"parent": "block/thin_block",
	"texture_size": [32, 32],
	"textures": {
		"texture": "block/oak_log_top",
		"particle": "block/snow",
		"2_1": "block/snow"
	},
	"elements": [
		{
			"from": [4, 3.25, 4],
			"to": [12, 6.45, 12],
			"rotation": {"angle": 0, "axis": "y", "origin": [8, -8.75, 7]},
			"faces": {
				"north": {"uv": [0, 0, 16, 3.20313], "texture": "#texture"},
				"east": {"uv": [0, 0, 16, 3.20313], "texture": "#texture"},
				"south": {"uv": [0, 0, 16, 3.20313], "texture": "#texture"},
				"west": {"uv": [0, 0, 16, 3.20313], "texture": "#texture"},
				"up": {"uv": [0.04688, 0.04688, 16, 16], "texture": "#texture"}
			}
		},
		{
			"from": [0, 0, 0],
			"to": [16, 3.2, 16],
			"rotation": {"angle": 0, "axis": "y", "origin": [8, -8.75, 7]},
			"faces": {
				"north": {"uv": [0, 0, 16, 3.20313], "texture": "#2_1", "cullface": "north"},
				"east": {"uv": [0, 0, 16, 3.20313], "texture": "#2_1", "cullface": "east"},
				"south": {"uv": [0, 0, 16, 3.20313], "texture": "#2_1", "cullface": "south"},
				"west": {"uv": [0, 0, 16, 3.20313], "texture": "#2_1", "cullface": "west"},
				"up": {"uv": [0.04688, 0.04688, 16, 16], "texture": "#2_1"}
			}
		}
	],
	"display": {
		"thirdperson_righthand": {
			"scale": [0.5, 0.5, 0.5]
		},
		"thirdperson_lefthand": {
			"scale": [0.5, 0.5, 0.5]
		},
		"firstperson_righthand": {
			"rotation": [5, 45, 0],
			"scale": [0.5, 0.5, 0.5]
		},
		"firstperson_lefthand": {
			"rotation": [5, 45, 0],
			"scale": [0.5, 0.5, 0.5]
		},
		"ground": {
			"translation": [0, 4, 0],
			"scale": [0.4, 0.4, 0.4]
		},
		"gui": {
			"rotation": [20, 45, 0],
			"scale": [0.54, 0.54, 0.54]
		}
	},
	"groups": [0,
		{
			"name": "snow_height2",
			"origin": [8, 8, 8],
			"color": 0,
			"children": [1]
		}
	]
}