{
	"credit": "Made with Blockbench",
	"parent": "block/template_torch_wall",
	"ambientocclusion": false,
	"textures": {
		"1": "block/crafting_table_top",
		"2": "block/jungle_log",
		"3": "block/dark_oak_log_bottom",
		"2_3": "block/dirt_block_top"
	},
	"elements": [
		{
			"from": [0, 0, 0],
			"to": [16, 16, 16],
			"faces": {
				"north": {"uv": [0, 0, 16, 16], "texture": "#2", "cullface": "north"},
				"east": {"uv": [0, 0, 16, 16], "texture": "#2", "cullface": "east"},
				"south": {"uv": [0, 0, 16, 16], "texture": "#2", "cullface": "south"},
				"west": {"uv": [0, 0, 16, 16], "texture": "#2", "cullface": "west"},
				"up": {"uv": [0.04688, 0.04688, 16, 16], "texture": "#1", "cullface": "up"},
				"down": {"uv": [0, 0, 16, 16], "texture": "#3", "cullface": "down"}
			}
		},
		{
			"from": [5.7, 10.035, -3.775],
			"to": [6.8, 12.235, -1.575],
			"rotation": {"angle": 0, "axis": "y", "origin": [-0.9, 1.235, -1.575]},
			"faces": {
				"north": {"uv": [0, 0, 1, 2], "texture": "#2_3", "cullface": "north"},
				"east": {"uv": [0, 0, 2, 2], "texture": "#2_3", "cullface": "north"},
				"west": {"uv": [0, 0, 2, 2], "texture": "#2_3", "cullface": "north"},
				"up": {"uv": [0, 0, 2, 1], "rotation": 270, "texture": "#2_3", "cullface": "north"},
				"down": {"uv": [0, 0, 2, 1], "rotation": 90, "texture": "#2_3", "cullface": "north"}
			}
		},
		{
			"from": [9, 10.035, -3.775],
			"to": [10.1, 12.235, -1.575],
			"rotation": {"angle": 0, "axis": "y", "origin": [-0.9, 1.235, -1.575]},
			"faces": {
				"north": {"uv": [0, 0, 1, 2], "texture": "#2_3", "cullface": "north"},
				"east": {"uv": [0, 0, 2, 2], "texture": "#2_3", "cullface": "north"},
				"west": {"uv": [0, 0, 2, 2], "texture": "#2_3", "cullface": "north"},
				"up": {"uv": [0, 0, 2, 1], "rotation": 270, "texture": "#2_3", "cullface": "north"},
				"down": {"uv": [0, 0, 2, 1], "rotation": 90, "texture": "#2_3", "cullface": "north"}
			}
		},
		{
			"from": [5.7825, 10.035, -9.3575],
			"to": [6.8825, 12.235, -7.1575],
			"rotation": {"angle": -45, "axis": "y", "origin": [-0.9, 1.235, -1.575]},
			"faces": {
				"east": {"uv": [0, 0, 2, 2], "texture": "#2_3", "cullface": "north"},
				"west": {"uv": [0, 0, 2, 2], "texture": "#2_3", "cullface": "north"},
				"up": {"uv": [0, 0, 2, 1], "rotation": 270, "texture": "#2_3", "cullface": "north"},
				"down": {"uv": [0, 0, 2, 1], "rotation": 90, "texture": "#2_3", "cullface": "north"}
			}
		},
		{
			"from": [7.2675, 10.035, -0.6675],
			"to": [8.56, 12.235, -0.0075],
			"rotation": {"angle": 0, "axis": "y", "origin": [-0.9, 1.235, 0.625]},
			"faces": {
				"up": {"uv": [0, 0, 0.6, 1.175], "rotation": 270, "texture": "#2_3", "cullface": "north"},
				"down": {"uv": [0, 0, 0.6, 1.175], "rotation": 90, "texture": "#2_3", "cullface": "north"}
			}
		},
		{
			"from": [3.775, 10.035, -7.35],
			"to": [5.975, 12.235, -6.25],
			"rotation": {"angle": -45, "axis": "y", "origin": [-0.9, 1.235, -1.575]},
			"faces": {
				"north": {"uv": [0, 0, 2, 2], "texture": "#2_3", "cullface": "north"},
				"south": {"uv": [0, 0, 2, 2], "texture": "#2_3", "cullface": "north"},
				"up": {"uv": [0, 0, 2, 1], "texture": "#2_3", "cullface": "north"},
				"down": {"uv": [0, 0, 2, 1], "texture": "#2_3", "cullface": "north"}
			}
		},
		{
			"from": [9.4, 10.035, 17.425],
			"to": [10.5, 12.235, 19.625],
			"rotation": {"angle": 0, "axis": "y", "origin": [17.1, 1.235, 17.425]},
			"faces": {
				"east": {"uv": [0, 0, 2, 2], "texture": "#2_3", "cullface": "south"},
				"south": {"uv": [0, 0, 1, 2], "texture": "#2_3", "cullface": "south"},
				"west": {"uv": [0, 0, 2, 2], "texture": "#2_3", "cullface": "south"},
				"up": {"uv": [0, 0, 2, 1], "rotation": 90, "texture": "#2_3", "cullface": "south"},
				"down": {"uv": [0, 0, 2, 1], "rotation": 270, "texture": "#2_3", "cullface": "south"}
			}
		},
		{
			"from": [6.1, 10.035, 17.425],
			"to": [7.2, 12.235, 19.625],
			"rotation": {"angle": 0, "axis": "y", "origin": [17.1, 1.235, 17.425]},
			"faces": {
				"east": {"uv": [0, 0, 2, 2], "texture": "#2_3", "cullface": "south"},
				"south": {"uv": [0, 0, 1, 2], "texture": "#2_3", "cullface": "south"},
				"west": {"uv": [0, 0, 2, 2], "texture": "#2_3", "cullface": "south"},
				"up": {"uv": [0, 0, 2, 1], "rotation": 90, "texture": "#2_3", "cullface": "south"},
				"down": {"uv": [0, 0, 2, 1], "rotation": 270, "texture": "#2_3", "cullface": "south"}
			}
		},
		{
			"from": [9.3175, 10.035, 23.0075],
			"to": [10.4175, 12.235, 25.2075],
			"rotation": {"angle": -45, "axis": "y", "origin": [17.1, 1.235, 17.425]},
			"faces": {
				"east": {"uv": [0, 0, 2, 2], "texture": "#2_3", "cullface": "south"},
				"west": {"uv": [0, 0, 2, 2], "texture": "#2_3", "cullface": "south"},
				"up": {"uv": [0, 0, 2, 1], "rotation": 90, "texture": "#2_3", "cullface": "south"},
				"down": {"uv": [0, 0, 2, 1], "rotation": 270, "texture": "#2_3", "cullface": "south"}
			}
		},
		{
			"from": [7.64, 10.035, 15.8575],
			"to": [8.9325, 12.235, 16.5175],
			"rotation": {"angle": 0, "axis": "y", "origin": [17.1, 1.235, 15.225]},
			"faces": {
				"up": {"uv": [0, 0, 0.6, 1.175], "rotation": 90, "texture": "#2_3", "cullface": "south"},
				"down": {"uv": [0, 0, 0.6, 1.175], "rotation": 270, "texture": "#2_3", "cullface": "south"}
			}
		},
		{
			"from": [10.225, 10.035, 22.1],
			"to": [12.425, 12.235, 23.2],
			"rotation": {"angle": -45, "axis": "y", "origin": [17.1, 1.235, 17.425]},
			"faces": {
				"north": {"uv": [0, 0, 2, 2], "texture": "#2_3", "cullface": "south"},
				"south": {"uv": [0, 0, 2, 2], "texture": "#2_3", "cullface": "south"},
				"up": {"uv": [0, 0, 2, 1], "rotation": 180, "texture": "#2_3", "cullface": "south"},
				"down": {"uv": [0, 0, 2, 1], "rotation": 180, "texture": "#2_3", "cullface": "south"}
			}
		}
	],
	"display": {
		"thirdperson_righthand": {
			"rotation": [0, 90, 0],
			"scale": [0.5, 0.5, 0.5]
		},
		"thirdperson_lefthand": {
			"scale": [0.7, 0.7, 0.7]
		},
		"firstperson_righthand": {
			"scale": [0.5, 0.5, 0.5]
		},
		"firstperson_lefthand": {
			"rotation": [-10, -106, -15],
			"translation": [22.75, 1, -15.25],
			"scale": [0.77, 1, 0.94]
		},
		"ground": {
			"translation": [5, 3.75, -5],
			"scale": [0.6, 0.6, 0.6]
		},
		"gui": {
			"rotation": [28, 45, 0],
			"scale": [0.5, 0.5, 0.5]
		},
		"head": {
			"rotation": [0, -103.75, 0],
			"translation": [9.25, 14.5, 8]
		}
	},
	"groups": [0,
		{
			"name": "torch_wall",
			"origin": [8, 8, 8],
			"children": []
		},
		{
			"name": "template_torch_wall",
			"origin": [8, 8, 8],
			"children": [1, 2, 3, 4, 5]
		},
		{
			"name": "template_torch_wall",
			"origin": [8, 8, 8],
			"children": [6, 7, 8, 9, 10]
		}
	]
}