{
	"credit": "Made with Blockbench",
	"textures": {
		"2": "block/grass_overlay",
		"3": "block/fern",
		"5": "block/grass",
		"particle": "block/grass"
	},
	"elements": [
		{
			"from": [13.39, 16.205, 3.45],
			"to": [24.59, 16.205, 13.25],
			"rotation": {"angle": 0, "axis": "y", "origin": [12.55, 16.205, 9.4]},
			"faces": {
				"up": {"uv": [4.95313, 14.92188, 10.14063, 9.90625], "rotation": 90, "texture": "#3"},
				"down": {"uv": [4.75, 9.9375, 9.9375, 14.95313], "rotation": 270, "texture": "#3"}
			}
		},
		{
			"from": [-7.89, 16.205, 6.25],
			"to": [3.31, 16.205, 16.05],
			"rotation": {"angle": 45, "axis": "y", "origin": [4.15, 16.205, 10.45]},
			"faces": {
				"up": {"uv": [4.95313, 14.92188, 10.14063, 9.90625], "rotation": 270, "texture": "#3"},
				"down": {"uv": [4.75, 9.9375, 9.9375, 14.95313], "rotation": 90, "texture": "#3"}
			}
		},
		{
			"from": [1.7, 16.205, -9.115],
			"to": [11.5, 16.205, 2.085],
			"rotation": {"angle": 22.5, "axis": "y", "origin": [7.65, 16.205, 3.1]},
			"faces": {
				"up": {"uv": [4.95313, 14.92188, 10.14063, 9.90625], "texture": "#3"},
				"down": {"uv": [4.75, 9.9375, 9.9375, 14.95313], "texture": "#3"}
			}
		},
		{
			"from": [5.2, 6.65, 5.2],
			"to": [10.8, 6.65, 10.8],
			"rotation": {"angle": 0, "axis": "y", "origin": [15, 16.45, 12.2]},
			"faces": {
				"up": {"uv": [0, 0, 8, 8], "texture": "#2"},
				"down": {"uv": [0, 0, 8, 8], "texture": "#2"}
			}
		},
		{
			"from": [5.2, 6.3, 5.2],
			"to": [10.8, 6.3, 10.8],
			"rotation": {"angle": 0, "axis": "y", "origin": [15, 16.1, 12.2]},
			"faces": {
				"up": {"uv": [0, 0, 8, 8], "texture": "#2"},
				"down": {"uv": [0, 0, 8, 8], "texture": "#2"}
			}
		},
		{
			"from": [5.2, 5.6, 5.2],
			"to": [10.8, 5.6, 10.8],
			"rotation": {"angle": 0, "axis": "y", "origin": [15, 15.4, 12.2]},
			"faces": {
				"up": {"uv": [0, 0, 8, 8], "texture": "#2"},
				"down": {"uv": [0, 0, 8, 8], "texture": "#2"}
			}
		},
		{
			"from": [5.2, 5.25, 5.2],
			"to": [10.8, 5.25, 10.8],
			"rotation": {"angle": 0, "axis": "y", "origin": [15, 15.05, 12.2]},
			"faces": {
				"up": {"uv": [0, 0, 8, 8], "texture": "#2"},
				"down": {"uv": [0, 0, 8, 8], "texture": "#2"}
			}
		},
		{
			"from": [5.2, 5.95, 5.2],
			"to": [10.8, 5.95, 10.8],
			"rotation": {"angle": 0, "axis": "y", "origin": [15, 15.75, 12.2]},
			"faces": {
				"up": {"uv": [0, 0, 8, 8], "texture": "#2"},
				"down": {"uv": [0, 0, 8, 8], "texture": "#2"}
			}
		},
		{
			"from": [3.8, 4.2, 3.8],
			"to": [12.2, 4.2, 12.2],
			"rotation": {"angle": 0, "axis": "y", "origin": [15, 14, 12.2]},
			"faces": {
				"up": {"uv": [0, 0, 8, 8], "texture": "#2"}
			}
		},
		{
			"from": [3.8, 2.8, 3.8],
			"to": [12.2, 2.8, 12.2],
			"rotation": {"angle": 0, "axis": "y", "origin": [15, 12.6, 12.2]},
			"faces": {
				"up": {"uv": [0, 0, 8, 8], "texture": "#2"}
			}
		},
		{
			"from": [3.8, 0, 3.8],
			"to": [12.2, 0, 12.2],
			"rotation": {"angle": 0, "axis": "y", "origin": [15, 9.8, 12.2]},
			"faces": {
				"up": {"uv": [0, 0, 8, 8], "texture": "#2"}
			}
		},
		{
			"from": [3.8, 0.7, 3.8],
			"to": [12.2, 0.7, 12.2],
			"rotation": {"angle": 0, "axis": "y", "origin": [15, 10.5, 12.2]},
			"faces": {
				"up": {"uv": [0, 0, 8, 8], "texture": "#2"}
			}
		},
		{
			"from": [3.8, 3.5, 3.8],
			"to": [12.2, 3.5, 12.2],
			"rotation": {"angle": 0, "axis": "y", "origin": [15, 13.3, 12.2]},
			"faces": {
				"up": {"uv": [0, 0, 8, 8], "texture": "#2"}
			}
		},
		{
			"from": [3.8, 1.4, 3.8],
			"to": [12.2, 1.4, 12.2],
			"rotation": {"angle": 0, "axis": "y", "origin": [15, 11.2, 12.2]},
			"faces": {
				"up": {"uv": [0, 0, 8, 8], "texture": "#2"}
			}
		},
		{
			"from": [3.8, 2.1, 3.8],
			"to": [12.2, 2.1, 12.2],
			"rotation": {"angle": 0, "axis": "y", "origin": [15, 11.9, 12.2]},
			"faces": {
				"up": {"uv": [0, 0, 8, 8], "texture": "#2"}
			}
		},
		{
			"from": [3.8, 4.9, 3.8],
			"to": [12.2, 4.9, 12.2],
			"rotation": {"angle": 0, "axis": "y", "origin": [15, 14.7, 12.2]},
			"faces": {
				"up": {"uv": [0, 0, 8, 8], "texture": "#2"}
			}
		},
		{
			"from": [8, 0, 8],
			"to": [15, 18.2, 8],
			"rotation": {"angle": 0, "axis": "y", "origin": [8, 0, 8]},
			"faces": {
				"north": {"uv": [3.21875, 4.78125, 7.23438, 16], "texture": "#5"},
				"south": {"uv": [7.10938, 4.8125, 3.25, 16], "texture": "#5"}
			}
		},
		{
			"from": [8, 0, 1],
			"to": [8, 18.2, 8],
			"rotation": {"angle": 22.5, "axis": "y", "origin": [8, 0, 8]},
			"faces": {
				"east": {"uv": [7.10938, 4.8125, 3.25, 16], "texture": "#5"},
				"west": {"uv": [3.21875, 4.78125, 7.23438, 16], "texture": "#5"}
			}
		},
		{
			"from": [1, 0, 8],
			"to": [8, 18.2, 8],
			"rotation": {"angle": 45, "axis": "y", "origin": [8, 0, 8]},
			"faces": {
				"north": {"uv": [7.10938, 4.8125, 3.25, 16], "texture": "#5"},
				"south": {"uv": [3.21875, 4.78125, 7.23438, 16], "texture": "#5"}
			}
		}
	],
	"groups": [
		{
			"name": "group",
			"origin": [3.75, 8, 0.5],
			"color": 0,
			"children": [0, 1, 2]
		},
		{
			"name": "grass",
			"origin": [8, 8, 8],
			"color": 0,
			"children": [
				{
					"name": "group",
					"origin": [8, 8, 8],
					"color": 0,
					"children": [
						{
							"name": "group",
							"origin": [8, 8, 8],
							"color": 0,
							"children": [
								{
									"name": "group",
									"origin": [8, 8, 8],
									"color": 0,
									"children": [3, 4, 5, 6, 7]
								}
							]
						},
						{
							"name": "group",
							"origin": [8, 8, 8],
							"color": 0,
							"children": [
								{
									"name": "group",
									"origin": [8, 8, 8],
									"color": 0,
									"children": [
										{
											"name": "group",
											"origin": [8, 8, 8],
											"color": 0,
											"children": [8, 9]
										},
										10,
										11,
										12,
										{
											"name": "group",
											"origin": [8, 8, 8],
											"color": 0,
											"children": [13, 14]
										}
									]
								},
								15
							]
						}
					]
				},
				{
					"name": "grass",
					"origin": [8, 8, 8],
					"color": 0,
					"children": [16, 17, 18]
				}
			]
		}
	]
}