{
	"credit": "Made with Blockbench",
	"texture_size": [32, 32],
	"textures": {
		"1": "block/deepslate",
		"3": "block/deepslate_bottom",
		"particle": "block/deepslate_bottom",
		"2_0": "block/deepslate_overlay",
		"2_1": "block/deepslate_top"
	},
	"elements": [
		{
			"from": [0, 0, 0],
			"to": [16, 3.2, 16],
			"rotation": {"angle": 0, "axis": "y", "origin": [8, -8.75, 7]},
			"faces": {
				"north": {"uv": [0, 0, 16, 3.20313], "texture": "#1", "cullface": "north"},
				"east": {"uv": [0, 0, 16, 3.20313], "texture": "#1", "cullface": "east"},
				"south": {"uv": [0, 0, 16, 3.20313], "texture": "#1", "cullface": "south"},
				"west": {"uv": [0, 0, 16, 3.20313], "texture": "#1", "cullface": "west"},
				"down": {"uv": [0, 0, 16, 16], "texture": "#3", "cullface": "down"}
			}
		},
		{
			"from": [0, 14.25, 0],
			"to": [16, 16, 1.8],
			"rotation": {"angle": 0, "axis": "y", "origin": [8, -8.75, 7]},
			"faces": {
				"south": {"uv": [1, 0, 15, 1.70313], "texture": "#1", "cullface": "up"},
				"up": {"uv": [0, 0, 16, 1.375], "texture": "#2_1", "cullface": "up"}
			}
		},
		{
			"from": [0, 14.25, 3.1],
			"to": [16, 16, 4.9],
			"rotation": {"angle": 0, "axis": "y", "origin": [8, -8.75, 7]},
			"faces": {
				"north": {"uv": [0, 0, 16, 3.20313], "texture": "#1", "cullface": "up"},
				"south": {"uv": [1, 0, 15, 3.20313], "texture": "#1", "cullface": "up"},
				"up": {"uv": [0, 0, 16, 16], "texture": "#2_1", "cullface": "up"}
			}
		},
		{
			"from": [0, 14.25, 11.1],
			"to": [16, 16, 12.9],
			"rotation": {"angle": 0, "axis": "y", "origin": [8, -8.75, 7]},
			"faces": {
				"north": {"uv": [0, 0, 16, 1.70313], "texture": "#1", "cullface": "up"},
				"south": {"uv": [1, 0, 15, 1.70313], "texture": "#1", "cullface": "up"},
				"up": {"uv": [0, 0, 16, 16], "texture": "#2_1", "cullface": "up"}
			}
		},
		{
			"from": [0, 14.25, 14.2],
			"to": [16, 16, 16],
			"rotation": {"angle": 0, "axis": "y", "origin": [8, -8.75, 7]},
			"faces": {
				"north": {"uv": [0, 0, 16, 1.20313], "texture": "#1", "cullface": "up"},
				"up": {"uv": [0, 14.90625, 16, 16], "texture": "#2_1", "cullface": "up"}
			}
		},
		{
			"from": [0, 14.25, 0],
			"to": [1.75, 15, 16],
			"rotation": {"angle": 0, "axis": "y", "origin": [8, -8.75, 7]},
			"faces": {
				"east": {"uv": [0, 0.21875, 16, 1.92188], "texture": "#1", "cullface": "up"},
				"up": {"uv": [0, 0.5, 16, 16], "rotation": 90, "texture": "#2_1", "cullface": "up"}
			}
		},
		{
			"from": [14.25, 14.25, 0],
			"to": [16, 15, 16],
			"rotation": {"angle": 0, "axis": "y", "origin": [8, -8.75, 7]},
			"faces": {
				"west": {"uv": [1, 0.5, 15, 2.20313], "texture": "#1", "cullface": "up"},
				"up": {"uv": [0, 0, 16, 15], "rotation": 90, "texture": "#2_1", "cullface": "up"}
			}
		},
		{
			"from": [0, 14.25, 6.2],
			"to": [16, 16, 8],
			"rotation": {"angle": 0, "axis": "y", "origin": [8, -8.75, 7]},
			"faces": {
				"north": {"uv": [0, 0, 16, 2.92188], "texture": "#1", "cullface": "up"},
				"up": {"uv": [0, 12, 16, 16], "texture": "#2_1", "cullface": "up"}
			}
		},
		{
			"from": [0, 14.25, 8],
			"to": [16, 16, 9.8],
			"rotation": {"angle": 0, "axis": "y", "origin": [8, -8.75, 7]},
			"faces": {
				"south": {"uv": [1, 0, 15, 1.70313], "texture": "#1", "cullface": "up"},
				"up": {"uv": [0, 0, 16, 4], "texture": "#2_1", "cullface": "up"}
			}
		},
		{
			"from": [0, 3.2, 0],
			"to": [16, 12.8, 16],
			"faces": {
				"north": {"uv": [16, 3.125, 0, 12.8125], "texture": "#1", "cullface": "north"},
				"east": {"uv": [0, 3.10938, 16, 12.8125], "texture": "#1", "cullface": "east"},
				"south": {"uv": [0, 3.125, 16, 12.8125], "texture": "#1", "cullface": "south"},
				"west": {"uv": [0.76563, 3.125, 14.35938, 12.8125], "texture": "#1", "cullface": "west"},
				"up": {"uv": [0, 0, 16, 16], "texture": "#2_1", "cullface": "up"}
			}
		},
		{
			"from": [0, 15, 0],
			"to": [16, 15, 16],
			"faces": {
				"up": {"uv": [0, 0, 16, 16], "texture": "#2_0", "cullface": "up"}
			}
		},
		{
			"from": [0, 12.8, 0],
			"to": [16, 16, 8],
			"faces": {
				"north": {"uv": [0, 0, 16, 3.1], "texture": "#1", "cullface": "north"},
				"east": {"uv": [0, 0, 8, 3.1], "texture": "#1", "cullface": "east"},
				"west": {"uv": [8, 0, 16, 3.1], "texture": "#1", "cullface": "west"}
			}
		},
		{
			"from": [0, 12.8, 8],
			"to": [16, 16, 16],
			"faces": {
				"east": {"uv": [8, 0, 16, 3.1], "texture": "#1", "cullface": "east"},
				"south": {"uv": [0, 0, 16, 3.14687], "texture": "#1", "cullface": "south"},
				"west": {"uv": [0, 0, 8, 3.1], "texture": "#1", "cullface": "west"}
			}
		}
	],
	"display": {
		"thirdperson_righthand": {
			"scale": [0.5, 0.5, 0.5]
		},
		"thirdperson_lefthand": {
			"scale": [0.5, 0.5, 0.5]
		},
		"firstperson_righthand": {
			"rotation": [5, 45, 0],
			"scale": [0.5, 0.5, 0.5]
		},
		"firstperson_lefthand": {
			"rotation": [5, 45, 0],
			"scale": [0.5, 0.5, 0.5]
		},
		"ground": {
			"translation": [0, 4, 0],
			"scale": [0.4, 0.4, 0.4]
		},
		"gui": {
			"rotation": [20, 45, 0],
			"scale": [0.54, 0.54, 0.54]
		}
	},
	"groups": [
		0,
		{
			"name": "template_brick",
			"origin": [8, 8, 8],
			"color": 0,
			"children": [
				{
					"name": "snow_height2",
					"origin": [8, 8, 8],
					"color": 0,
					"children": [1, 2, 3, 4, 5, 6, 7, 8]
				}
			]
		},
		{
			"name": "template_leaves",
			"origin": [8, 8, 8],
			"color": 0,
			"children": []
		},
		{
			"name": "red_wool2",
			"origin": [8, 8, 8],
			"color": 0,
			"children": [
				{
					"name": "template_leaves",
					"origin": [8, 8, 8],
					"color": 0,
					"children": [9]
				},
				{
					"name": "template_leaves",
					"origin": [8, 8, 8],
					"color": 0,
					"children": [10]
				}
			]
		},
		11,
		12
	]
}