{
	"credit": "Made with Blockbench",
	"ambientocclusion": false,
	"textures": {
		"0": "block/dark_oak_leaves_block_side3",
		"particle": "block/dark_green_leaves_overlay",
		"1_0": "block/dark_green_leaves_overlay"
	},
	"elements": [
		{
			"from": [8, 0, 0],
			"to": [16, 16, 8],
			"faces": {
				"north": {"uv": [8, 0, 16, 16], "texture": "#0", "cullface": "north"},
				"east": {"uv": [8, 0, 16, 16], "texture": "#0", "cullface": "east"},
				"south": {"uv": [8, 0, 16, 16], "texture": "#0"},
				"west": {"uv": [8, 0, 16, 16], "texture": "#0"},
				"up": {"uv": [0, 0, 4, 8], "texture": "#0", "cullface": "up"}
			}
		},
		{
			"name": "top overlay",
			"from": [8, 17.475, 0],
			"to": [16, 17.475, 8],
			"rotation": {"angle": 0, "axis": "y", "origin": [13, 24, -12]},
			"faces": {
				"up": {"uv": [0, 0, 8, 8], "rotation": 270, "texture": "#1_0", "cullface": "up"},
				"down": {"uv": [0, 0, 8, 8], "rotation": 90, "texture": "#1_0", "cullface": "up"}
			}
		},
		{
			"name": "top overlay",
			"from": [8, 17.275, 0],
			"to": [16, 17.275, 8],
			"rotation": {"angle": 0, "axis": "y", "origin": [13, 24, -12]},
			"faces": {
				"up": {"uv": [0, 0, 8, 8], "rotation": 270, "texture": "#1_0", "cullface": "up"},
				"down": {"uv": [0, 0, 8, 8], "rotation": 90, "texture": "#1_0", "cullface": "up"}
			}
		},
		{
			"name": "top overlay",
			"from": [8, 17.075, 0],
			"to": [16, 17.075, 8],
			"rotation": {"angle": 0, "axis": "y", "origin": [13, 24, -12]},
			"faces": {
				"up": {"uv": [0, 0, 8, 8], "rotation": 270, "texture": "#1_0", "cullface": "up"},
				"down": {"uv": [0, 0, 8, 8], "rotation": 90, "texture": "#1_0", "cullface": "up"}
			}
		},
		{
			"name": "top overlay",
			"from": [8, 16.875, 0],
			"to": [16, 16.875, 8],
			"rotation": {"angle": 0, "axis": "y", "origin": [13, 24, -12]},
			"faces": {
				"up": {"uv": [0, 0, 8, 8], "rotation": 270, "texture": "#1_0", "cullface": "up"},
				"down": {"uv": [0, 0, 8, 8], "rotation": 90, "texture": "#1_0", "cullface": "up"}
			}
		},
		{
			"name": "top overlay",
			"from": [8, 16.675, 0],
			"to": [16, 16.675, 8],
			"rotation": {"angle": 0, "axis": "y", "origin": [13, 23, -12]},
			"faces": {
				"up": {"uv": [0, 0, 8, 8], "rotation": 270, "texture": "#1_0", "cullface": "up"},
				"down": {"uv": [0, 0, 8, 8], "rotation": 90, "texture": "#1_0", "cullface": "up"}
			}
		},
		{
			"name": "top overlay",
			"from": [8, 16.475, 0],
			"to": [16, 16.475, 8],
			"rotation": {"angle": 0, "axis": "y", "origin": [13, 23, -12]},
			"faces": {
				"up": {"uv": [0, 0, 8, 8], "rotation": 270, "texture": "#1_0", "cullface": "up"},
				"down": {"uv": [0, 0, 8, 8], "rotation": 90, "texture": "#1_0", "cullface": "up"}
			}
		},
		{
			"name": "top overlay",
			"from": [8, 16.275, 0],
			"to": [16, 16.275, 8],
			"rotation": {"angle": 0, "axis": "y", "origin": [13, 23, -12]},
			"faces": {
				"up": {"uv": [0, 0, 8, 8], "rotation": 270, "texture": "#1_0", "cullface": "up"},
				"down": {"uv": [0, 0, 8, 8], "rotation": 90, "texture": "#1_0", "cullface": "up"}
			}
		},
		{
			"from": [0, 0, 8],
			"to": [8, 16, 16],
			"faces": {
				"north": {"uv": [8, 0, 16, 16], "texture": "#0"},
				"east": {"uv": [8, 0, 16, 16], "texture": "#0"},
				"south": {"uv": [8, 0, 16, 16], "texture": "#0", "cullface": "south"},
				"west": {"uv": [8, 0, 16, 16], "texture": "#0", "cullface": "west"},
				"up": {"uv": [0, 0, 4, 8], "texture": "#0", "cullface": "up"}
			}
		},
		{
			"name": "top overlay",
			"from": [0, 17.475, 8],
			"to": [8, 17.475, 16],
			"rotation": {"angle": 0, "axis": "y", "origin": [13, 24, -12]},
			"faces": {
				"up": {"uv": [0, 0, 8, 8], "rotation": 270, "texture": "#1_0", "cullface": "up"},
				"down": {"uv": [0, 0, 8, 8], "rotation": 90, "texture": "#1_0", "cullface": "up"}
			}
		},
		{
			"name": "top overlay",
			"from": [0, 17.275, 8],
			"to": [8, 17.275, 16],
			"rotation": {"angle": 0, "axis": "y", "origin": [13, 24, -12]},
			"faces": {
				"up": {"uv": [0, 0, 8, 8], "rotation": 270, "texture": "#1_0", "cullface": "up"},
				"down": {"uv": [0, 0, 8, 8], "rotation": 90, "texture": "#1_0", "cullface": "up"}
			}
		},
		{
			"name": "top overlay",
			"from": [0, 17.075, 8],
			"to": [8, 17.075, 16],
			"rotation": {"angle": 0, "axis": "y", "origin": [13, 24, -12]},
			"faces": {
				"up": {"uv": [0, 0, 8, 8], "rotation": 270, "texture": "#1_0", "cullface": "up"},
				"down": {"uv": [0, 0, 8, 8], "rotation": 90, "texture": "#1_0", "cullface": "up"}
			}
		},
		{
			"name": "top overlay",
			"from": [0, 16.875, 8],
			"to": [8, 16.875, 16],
			"rotation": {"angle": 0, "axis": "y", "origin": [13, 24, -12]},
			"faces": {
				"up": {"uv": [0, 0, 8, 8], "rotation": 270, "texture": "#1_0", "cullface": "up"},
				"down": {"uv": [0, 0, 8, 8], "rotation": 90, "texture": "#1_0", "cullface": "up"}
			}
		},
		{
			"name": "top overlay",
			"from": [0, 16.675, 8],
			"to": [8, 16.675, 16],
			"rotation": {"angle": 0, "axis": "y", "origin": [13, 23, -12]},
			"faces": {
				"up": {"uv": [0, 0, 8, 8], "rotation": 270, "texture": "#1_0", "cullface": "up"},
				"down": {"uv": [0, 0, 8, 8], "rotation": 90, "texture": "#1_0", "cullface": "up"}
			}
		},
		{
			"name": "top overlay",
			"from": [0, 16.475, 8],
			"to": [8, 16.475, 16],
			"rotation": {"angle": 0, "axis": "y", "origin": [13, 23, -12]},
			"faces": {
				"up": {"uv": [0, 0, 8, 8], "rotation": 270, "texture": "#1_0", "cullface": "up"},
				"down": {"uv": [0, 0, 8, 8], "rotation": 90, "texture": "#1_0", "cullface": "up"}
			}
		},
		{
			"name": "top overlay",
			"from": [0, 16.275, 8],
			"to": [8, 16.275, 16],
			"rotation": {"angle": 0, "axis": "y", "origin": [13, 23, -12]},
			"faces": {
				"up": {"uv": [0, 0, 8, 8], "rotation": 270, "texture": "#1_0", "cullface": "up"},
				"down": {"uv": [0, 0, 8, 8], "rotation": 90, "texture": "#1_0", "cullface": "up"}
			}
		}
	],
	"display": {
		"thirdperson_righthand": {
			"scale": [0.5, 0.5, 0.5]
		},
		"thirdperson_lefthand": {
			"scale": [0.5, 0.5, 0.5]
		},
		"firstperson_righthand": {
			"rotation": [5, 45, 0],
			"scale": [0.5, 0.5, 0.5]
		},
		"firstperson_lefthand": {
			"rotation": [5, 45, 0],
			"scale": [0.5, 0.5, 0.5]
		},
		"ground": {
			"translation": [0, 4, 0],
			"scale": [0.4, 0.4, 0.4]
		},
		"gui": {
			"rotation": [20, 45, 0],
			"scale": [0.54, 0.54, 0.54]
		}
	},
	"groups": [
		{
			"name": "group",
			"origin": [8, 8, 8],
			"children": [0,
				{
					"name": "group",
					"origin": [13, -12, -23],
					"children": [1, 2, 3, 4, 5, 6, 7]
				}
			]
		},
		{
			"name": "group",
			"origin": [8, 8, 8],
			"children": [8,
				{
					"name": "group",
					"origin": [13, -12, -23],
					"children": [9, 10, 11, 12, 13, 14, 15]
				}
			]
		}
	]
}