{
	"credit": "Made with Blockbench",
	"textures": {
		"1": "block/green_leaves_block_top",
		"2": "block/green_leaves",
		"3": "block/lily_pad",
		"5": "block/melon_top",
		"particle": "block/lily_pad"
	},
	"elements": [
		{
			"from": [0, 0, 0],
			"to": [16, 16, 16],
			"faces": {
				"north": {"uv": [0, 0.03, 16, 16], "texture": "#2", "cullface": "north"},
				"east": {"uv": [0, 0.03, 16, 16], "texture": "#2", "cullface": "east"},
				"south": {"uv": [0, 0.03, 16, 16], "texture": "#2", "cullface": "south"},
				"west": {"uv": [0, 0.03, 16, 16], "texture": "#2", "cullface": "west"},
				"up": {"uv": [0, 0, 16, 16], "texture": "#1", "cullface": "up"},
				"down": {"uv": [0, 0, 16, 16], "texture": "#3", "cullface": "down"}
			}
		},
		{
			"from": [0.5, 16.05, 0.5],
			"to": [15.5, 16.05, 15.5],
			"faces": {
				"up": {"uv": [0.5, 0.5, 15.5, 15.5], "rotation": 90, "texture": "#5"}
			}
		}
	],
	"display": {
		"thirdperson_righthand": {
			"scale": [0.5, 0.5, 0.5]
		},
		"thirdperson_lefthand": {
			"scale": [0.5, 0.5, 0.5]
		},
		"firstperson_righthand": {
			"rotation": [5, 45, 0],
			"scale": [0.5, 0.5, 0.5]
		},
		"firstperson_lefthand": {
			"rotation": [5, 45, 0],
			"scale": [0.5, 0.5, 0.5]
		},
		"ground": {
			"translation": [0, 4, 0],
			"scale": [0.4, 0.4, 0.4]
		},
		"gui": {
			"rotation": [20, 45, 0],
			"scale": [0.54, 0.54, 0.54]
		}
	}
}